Model,Accuracy,Precision,Recall,F1-Score
Logistic Regression,0.5735992402659069,0.27078891257995735,0.5427350427350427,0.3613086770981508
Random Forest,0.5356125356125356,0.26605504587155965,0.6196581196581197,0.3722721437740693
Gradient Boosting,0.785375118708452,1.0,0.03418803418803419,0.06611570247933884
XGBoost,0.533713200379867,0.26508226691042047,0.6196581196581197,0.3713188220230474
