Model,Accuracy,Precision,Recall,F1-Score
Logistic Regression,0.7056030389363722,0.39893617021276595,0.6410256410256411,0.4918032786885246
Random Forest,0.8850902184235517,0.9747899159663865,0.49572649572649574,0.6572237960339944
Gradient Boosting,0.8736942070275404,0.904,0.4829059829059829,0.6295264623955432
XGBoost,0.835707502374169,0.6367713004484304,0.6068376068376068,0.6214442013129103
